{
  "beta": 1.1781497421205491,
  "canonical_optimum": "01100110",
  "detectability": {
    "metrics": {
      "expected_energy": {
        "alternative_uncertainty": {
          "median": 0.051070878518569535,
          "q025": 0.050741485563579394,
          "q975": 0.05446509529105586,
          "standard_deviation": 0.0010394600527879974
        },
        "detectable_at_power_0_80": true,
        "estimated_power": 1.0,
        "favorable_direction": "lower",
        "null_critical_value": 13.872410801619514
      },
      "feasible_energy_probability_spearman": {
        "alternative_uncertainty": {
          "median": 0.0014716707442631505,
          "q025": -0.4974338789914483,
          "q975": 0.5004000277742124,
          "standard_deviation": 0.2585364496242093
        },
        "detectable_at_power_0_80": false,
        "estimated_power": 0.0487,
        "favorable_direction": "lower",
        "null_critical_value": -0.42456364565950094
      },
      "feasible_subspace_mass": {
        "alternative_uncertainty": {
          "median": 1.0,
          "q025": 0.99951171875,
          "q975": 1.0,
          "standard_deviation": 0.00013197352730947025
        },
        "detectable_at_power_0_80": true,
        "estimated_power": 1.0,
        "favorable_direction": "higher",
        "null_critical_value": 0.06884765625
      },
      "four_lowest_feasible_mass": {
        "alternative_uncertainty": {
          "median": 0.25,
          "q025": 0.237060546875,
          "q975": 0.26318359375,
          "standard_deviation": 0.006648922824603806
        },
        "detectable_at_power_0_80": true,
        "estimated_power": 1.0,
        "favorable_direction": "higher",
        "null_critical_value": 0.018798828125
      },
      "optimum_class_mass": {
        "alternative_uncertainty": {
          "median": 0.0625,
          "q025": 0.055419921875,
          "q975": 0.070068359375,
          "standard_deviation": 0.0037836079014546614
        },
        "detectable_at_power_0_80": true,
        "estimated_power": 1.0,
        "favorable_direction": "higher",
        "null_critical_value": 0.005615234375
      }
    },
    "primary_hardware_metric_selected": false,
    "protocol": {
      "alternative": "frozen ideal p=1 local-QAOA distribution",
      "detectability_power_threshold": 0.8,
      "null": "uniform distribution over all 256 states",
      "resamples": 10000,
      "seed": 42,
      "shots_per_resample": 4096,
      "significance_level": 0.05
    }
  },
  "estimated_4096_shot_variability": {
    "expected_energy": {
      "median": 0.051070878518569535,
      "q025": 0.050741485563579394,
      "q975": 0.05446509529105586,
      "standard_deviation": 0.0010394600527879974
    },
    "feasible_energy_probability_spearman": {
      "median": 0.0014716707442631505,
      "q025": -0.4974338789914483,
      "q975": 0.5004000277742124,
      "standard_deviation": 0.2585364496242093
    },
    "feasible_subspace_mass": {
      "median": 1.0,
      "q025": 0.99951171875,
      "q975": 1.0,
      "standard_deviation": 0.00013197352730947025
    },
    "four_lowest_feasible_mass": {
      "median": 0.25,
      "q025": 0.237060546875,
      "q975": 0.26318359375,
      "standard_deviation": 0.006648922824603806
    },
    "optimum_class_mass": {
      "median": 0.0625,
      "q025": 0.055419921875,
      "q975": 0.070068359375,
      "standard_deviation": 0.0037836079014546614
    }
  },
  "experiment_id": "EXP-009A-R2",
  "feasible_state_energies": [
    {
      "bitstring": "01010101",
      "energy": 0.043867540982685
    },
    {
      "bitstring": "01010110",
      "energy": 0.047186589751484
    },
    {
      "bitstring": "01011001",
      "energy": 0.043936135393316
    },
    {
      "bitstring": "01011010",
      "energy": 0.050994826940894
    },
    {
      "bitstring": "01100101",
      "energy": 0.03899742549285
    },
    {
      "bitstring": "01100110",
      "energy": 0.033053087676504
    },
    {
      "bitstring": "01101001",
      "energy": 0.04404134471126
    },
    {
      "bitstring": "01101010",
      "energy": 0.041836649673693
    },
    {
      "bitstring": "10010101",
      "energy": 0.062394815458933
    },
    {
      "bitstring": "10010110",
      "energy": 0.064478268416507
    },
    {
      "bitstring": "10011001",
      "energy": 0.05761228127369
    },
    {
      "bitstring": "10011010",
      "energy": 0.063435377010042
    },
    {
      "bitstring": "10100101",
      "energy": 0.058622336728071
    },
    {
      "bitstring": "10100110",
      "energy": 0.0514424031005
    },
    {
      "bitstring": "10101001",
      "energy": 0.058815127350607
    },
    {
      "bitstring": "10101010",
      "energy": 0.055374836501815
    }
  ],
  "gamma": 0.22442462761826065,
  "hardware_contacted": false,
  "ideal_p1_distribution": {
    "00000000": 4.600211081758575e-13,
    "00000001": 8.219195502732694e-12,
    "00000010": 8.427763832155632e-12,
    "00000011": 4.581960752385243e-13,
    "00000100": 2.2222277953122995e-11,
    "00000101": 8.05618394956517e-08,
    "00000110": 8.056358315778304e-08,
    "00000111": 1.6153934810694176e-11,
    "00001000": 2.1703587439856008e-11,
    "00001001": 8.05650911356992e-08,
    "00001010": 8.056715452827317e-08,
    "00001011": 1.5712022795509606e-11,
    "00001100": 4.580278170522866e-13,
    "00001101": 6.767151381458329e-12,
    "00001110": 6.95643467233178e-12,
    "00001111": 4.567128198415309e-13,
    "00010000": 9.43686703407151e-12,
    "00010001": 1.4117121184191067e-08,
    "00010010": 1.4121877277057118e-08,
    "00010011": 5.917442924612633e-12,
    "00010100": 1.0404801399010463e-07,
    "00010101": 7.916483011424355e-07,
    "00010110": 9.744372061640697e-07,
    "00010111": 1.0390396285217024e-07,
    "00011000": 1.0403607234457667e-07,
    "00011001": 7.686757428321839e-07,
    "00011010": 9.489312618427111e-07,
    "00011011": 1.0389656307445478e-07,
    "00011100": 7.780617157489664e-12,
    "00011101": 1.4069628330347472e-08,
    "00011110": 1.4069116433681063e-08,
    "00011111": 4.6260691521970945e-12,
    "00100000": 1.105811783475593e-11,
    "00100001": 1.413441941863358e-08,
    "00100010": 1.413991905977278e-08,
    "00100011": 7.2136007969228085e-12,
    "00100100": 1.0406389742253564e-07,
    "00100101": 1.253033179663948e-06,
    "00100110": 1.4805654493651872e-06,
    "00100111": 1.0388738047708454e-07,
    "00101000": 1.0405035446710383e-07,
    "00101001": 1.224085198816901e-06,
    "00101010": 1.4490849128356841e-06,
    "00101011": 1.038789075308576e-07,
    "00101100": 9.258227879490147e-12,
    "00101101": 1.407363426253257e-08,
    "00101110": 1.4073739602467823e-08,
    "00101111": 5.779049850576078e-12,
    "00110000": 4.581837837851383e-13,
    "00110001": 5.603897246196774e-12,
    "00110010": 5.776091111364375e-12,
    "00110011": 4.569963491812475e-13,
    "00110100": 1.6403575655477116e-11,
    "00110101": 8.043069192104923e-08,
    "00110110": 8.04206891972699e-08,
    "00110111": 1.1266839977631233e-11,
    "00111000": 1.5958953825985613e-11,
    "00111001": 8.043504140968339e-08,
    "00111010": 8.042544880672523e-08,
    "00111011": 1.0898683247700254e-11,
    "00111100": 4.566775768527005e-13,
    "00111101": 4.420357519237938e-12,
    "00111110": 4.5733461610215995e-12,
    "00111111": 4.559235194724111e-13,
    "01000000": 1.4323432686045002e-11,
    "01000001": 5.058745359429877e-08,
    "01000010": 5.057861493421893e-08,
    "01000011": 1.0766390056204445e-11,
    "01000100": 5.9193636942070716e-08,
    "01000101": 1.403449242236863e-06,
    "01000110": 1.205699335651095e-06,
    "01000111": 5.9058855465634085e-08,
    "01001000": 5.918918757872206e-08,
    "01001001": 1.5005005820660976e-06,
    "01001010": 1.2957714811621311e-06,
    "01001011": 5.905157327631705e-08,
    "01001100": 1.0917904856680012e-11,
    "01001101": 5.046414042061069e-08,
    "01001110": 5.046459297487004e-08,