{
  "coefficient_sha256": "33f14cf75812cc729b018cf4f20efa01898aedffa2bc34aa30ff4464eead5285",
  "convention": "offset + diagonal + upper-triangular pair terms",
  "matrix": [
    [
      -7.0,
      14.0,
      0.009034339826703,
      0.016674133516716,
      0.004453747498212,
      0.006415412079096,
      0.013508319381859,
      0.017598814373348
    ],
    [
      0.0,
      -7.0,
      0.002994959450427,
      0.011732389899414,
      0.004465912295109,
      0.001576448280119,
      0.005997348133115,
      0.008852247313379
    ],
    [
      0.0,
      0.0,
      -7.0,
      14.0,
      0.007289903654966,
      0.006238179726006,
      0.009995108842345,
      0.011538074792937
    ],
    [
      0.0,
      0.0,
      0.0,
      -7.0,
      0.007291070175055,
      0.011214671053875,
      0.01041468914047,
      0.002694268505917
    ],
    [
      0.0,
      0.0,
      0.0,
      0.0,
      -7.0,
      14.0,
      0.01109341729773,
      0.008900247204442
    ],
    [
      0.0,
      0.0,
      0.0,
      0.0,
      0.0,
      -7.0,
      0.006251043244491,
      0.007797515929982
    ],
    [
      0.0,
      0.0,
      0.0,
      0.0,
      0.0,
      0.0,
      -7.0,
      14.0
    ],
    [
      0.0,
      0.0,
      0.0,
      0.0,
      0.0,
      0.0,
      0.0,
      -7.0
    ]
  ],
  "musical_weight_B": 1.0,
  "offset": 28.0,
  "one_hot_penalty_A": 7.0,
  "variable_order": [
    "blackbird-1",
    "blackbird-2",
    "bold-deserter-air",
    "bold-deserter-longdance",
    "catherine-tyrrell-1",
    "catherine-tyrrell-2",
    "merry-old-woman-1",
    "merry-old-woman-2"
  ]
}
