{
  "beta": 2.476505299986026,
  "exp010a_squash": "461375818af7f512557003e1348054b5539a150d",
  "gamma": 3.3177975191929154,
  "ising_hash": "635c8f05ccc4878e7f9fffad62ddd302e0a29aed4ee5837acefbc9be308a3fd5",
  "normalized_h": [
    0.25509369038848456,
    -0.1028685889274965,
    0.03182979156943807,
    -0.0009645296951360968
  ],
  "normalized_j": {
    "0,1": 0.00873214356390891,
    "0,2": -0.03859268651475528,
    "0,3": -0.009829663522444698,
    "1,2": 0.03958071752190798,
    "1,3": -0.07369398016980035,
    "2,3": 0.02975036810224669
  },
  "qubo_hash": "96cfa65ca023ef7dc7449ce4b8ef132f0cbd2bbfc035f357d19f55431b3bb86e",
  "range": 0.031425180740004,
  "rx_angle": 4.953010599972052,
  "rz_angles": [
    1.6926984262653595,
    -0.6825942982930473,
    0.2112096070110184,
    -0.0064002284594208815
  ],
  "rzz_angles": {
    "0,1": 0.05794296850714674,
    "0,2": -0.2560854391552899,
    "0,3": -0.06522566649853623,
    "1,2": 0.26264161280412374,
    "1,3": -0.489003409173631,
    "2,3": 0.19741139496942023
  }
}
